constructorStandingsId,raceId,constructorId,points,position,positionText,wins
26722,968,131,765,1,1,19
26711,967,131,722,1,1,18
26700,966,131,679,1,1,17
26129,918,131,701,1,1,16
26426,945,131,703,1,1,16
26689,965,131,636,1,1,16
6297,106,6,254,1,1,15
6307,107,6,262,1,1,15
5971,140,6,221,1,1,15
9422,387,1,199,1,1,15
26118,917,131,651,1,1,15
26405,944,131,660,1,1,15
26634,964,131,593,1,1,15
27453,1030,131,739,1,1,15
6287,105,6,244,1,1,14
5960,139,6,205,1,1,14
9404,386,1,184,1,1,14
26107,916,131,608,1,1,14
26395,943,131,617,1,1,14
26612,962,131,538,1,1,14
26623,963,131,553,1,1,14
27433,1028,131,695,1,1,14
27443,1029,131,701,1,1,14
6277,104,6,234,1,1,13
5949,138,6,189,1,1,13
9386,385,1,169,1,1,13
25346,899,9,596,1,1,13
26096,915,131,565,1,1,13
26385,942,131,574,1,1,13
26601,961,131,498,1,1,13
27423,1027,131,652,1,1,13
27633,1045,131,533,1,1,13
27643,1046,131,540,1,1,13
27653,1047,131,573,1,1,13
6257,102,6,202,1,1,12
6267,103,6,216,1,1,12
5938,137,6,173,1,1,12
2580,239,3,175,1,1,12
9368,384,1,157,1,1,12
10467,451,1,143.5,1,1,12
24754,859,9,650,1,1,12
25335,898,9,553,1,1,12
26085,914,131,522,1,1,12
26375,941,131,531,1,1,12
26590,960,131,455,1,1,12
26924,988,131,668,1,1,12
27413,1026,131,612,1,1,12
27623,1044,131,504,1,1,12
6247,101,6,184,1,1,11
5927,136,6,157,1,1,11
2569,238,3,165,1,1,11
5224,255,22,147,1,1,11
5237,256,22,147,1,1,11
9332,382,1,147,1,1,11
9350,383,1,147,1,1,11
10452,450,1,128.5,1,1,11
24730,857,9,595,1,1,11
24742,858,9,607,1,1,11
25324,897,9,513,1,1,11
26074,913,131,479,1,1,11
26290,940,131,506,1,1,11
26579,959,131,415,1,1,11
26894,985,131,575,1,1,11
26904,986,131,595,1,1,11
26914,987,131,625,1,1,11
27174,1009,131,655,1,1,11
27383,1025,131,571,1,1,11
27613,1043,131,479,1,1,11
735,88,1,174,2,2,10
745,89,1,182,2,2,10
6237,100,6,174,1,1,10
5916,135,6,141,1,1,10
1622,174,6,170,1,1,10
2536,235,3,141,1,1,10
2547,236,3,149,1,1,10
2558,237,3,149,1,1,10
5211,254,22,133,1,1,10
4780,285,3,139,1,1,10
4793,286,3,149,1,1,10
4806,287,3,158,1,1,10
4819,288,3,168,1,1,10
3468,303,3,164,1,1,10
3483,304,3,164,1,1,10
9033,369,1,141,1,1,10
9133,371,1,141,1,1,10
9113,370,1,141,1,1,10
9314,381,1,132,1,1,10
10437,449,1,116.5,1,1,10
24718,856,9,558,1,1,10
25313,896,9,470,1,1,10
26063,912,131,454,1,1,10
26260,938,131,451,1,1,10
26270,939,131,463,1,1,10
26568,958,131,378,1,1,10
26884,984,131,540,1,1,10
27164,1008,131,620,1,1,10
27343,1021,131,438,1,1,10
27353,1022,131,471,1,1,10
27363,1023,131,505,1,1,10
27373,1024,131,527,1,1,10
27603,1042,131,435,1,1,10
6508,70,6,201,2,2,9
725,87,1,164,1,1,9
6227,99,6,158,1,1,9
5905,134,6,128,1,1,9
5789,157,6,179,1,1,9
1611,173,6,156,1,1,9
2212,206,1,156,1,1,9
2525,234,3,125,1,1,9
5198,253,22,122,1,1,9
4767,284,3,129,1,1,9
3453,302,3,154,1,1,9
25909,52,6,204,1,1,9
8993,367,1,122,1,1,9
9013,368,1,128,1,1,9
9296,380,1,117,1,1,9
9637,401,3,137,1,1,9
9653,402,3,137,1,1,9
9669,403,3,137,1,1,9
9867,417,3,130,1,1,9
9881,418,3,135,1,1,9
9895,419,3,141,1,1,9
10407,448,1,107.5,1,1,9
24498,355,9,498,1,1,9
24694,854,9,491,1,1,9
24706,855,9,518,1,1,9
25302,895,9,445,1,1,9
26030,909,131,366,1,1,9
26041,910,131,393,1,1,9
26052,911,131,411,1,1,9
26250,937,131,426,1,1,9
26546,957,131,335,1,1,9
26864,982,131,475,1,1,9
26874,983,131,503,1,1,9
27124,1005,131,538,1,1,9
27144,1006,131,563,1,1,9
27154,1007,131,585,1,1,9
27313,1019,131,407,1,1,9
27333,1020,131,409,1,1,9
27593,1041,131,391,1,1,9
188,35,6,172,1,1,8
25888,50,1,202,11,NA,8
25899,51,1,210,11,NA,8
25910,52,1,118,11,NA,8
6484,68,6,178,2,2,8
6496,69,6,186,2,2,8
6495,69,4,195,1,1,8
6507,70,4,206,1,1,8
715,86,1,146,2,2,8
741,89,4,191,1,1,8
6217,98,6,142,1,1,8
6130,123,6,158,1,1,8
5894,133,6,118,1,1,8
5756,154,6,152,1,1,8
5767,155,6,161,1,1,8
5778,156,6,167,1,1,8
1600,172,6,143,1,1,8
2201,205,1,142,1,1,8
25468,221,3,112,1,1,8
25480,222,3,118,1,1,8
25492,223,3,123,1,1,8
2514,233,3,111,1,1,8
5172,251,22,104,1,1,8
5185,252,22,110,1,1,8
25695,270,22,97,1,1,8
25709,271,22,103,2,2,8
25499,272,22,103,2,2,8
4754,283,3,115,1,1,8
3393,298,3,126,1,1,8
3408,299,3,132,1,1,8
3423,300,3,142,1,1,8
3438,301,3,144,1,1,8
25898,51,6,186,1,1,8
8513,320,1,139,1,1,8
8722,13,23,146,1,1,8
8732,14,23,153,1,1,8
8752,15,23,156,1,1,8
8762,16,23,161,1,1,8
8973,366,1,113,1,1,8
9278,379,1,102,1,1,8
9621,400,3,122,1,1,8
9853,416,3,117,1,1,8
10392,447,1,92.5,1,1,8
23665,539,32,85,1,1,8
23684,540,32,86,1,1,8
23703,541,32,86,1,1,8
23722,542,32,86,1,1,8
13918,17,23,172,1,1,8
24486,354,9,469,1,1,8
24682,853,9,451,1,1,8
25291,894,9,402,1,1,8
26019,908,131,326,1,1,8
26219,934,131,371,1,1,8
26229,936,131,383,1,1,8
26535,956,131,295,1,1,8
26854,981,131,435,1,1,8
27114,1004,131,495,1,1,8
27303,1018,131,363,1,1,8
27293,1017,131,338,1,1,8
27583,1040,131,366,1,1,8
27834,1064,9,332.5,2,2,8
133,30,6,131,1,1,7
144,31,6,134,1,1,7
155,32,6,134,2,2,7
166,33,6,142,1,1,7
1638,34,6,156,1,1,7
25866,48,1,166,11,NA,7
25877,49,1,192,11,NA,7
6405,61,4,121,1,1,7
6416,62,4,131,1,1,7
6427,63,4,142,1,1,7
6438,64,4,149,1,1,7
6449,65,4,149,1,1,7
6460,66,4,160,1,1,7
6472,67,6,168,1,1,7
6471,67,4,165,2,2,7
6483,68,4,179,1,1,7
671,82,4,117,1,1,7
681,83,4,117,1,1,7
691,84,4,130,1,1,7
701,85,4,144,1,1,7
705,85,1,136,2,2,7
711,86,4,152,1,1,7
721,87,4,162,2,2,7
731,88,4,176,1,1,7
6207,97,6,124,1,1,7
6120,122,6,147,1,1,7
5883,132,6,102,1,1,7
5745,153,6,140,1,1,7
1586,170,1,135,1,1,7
1589,171,6,127,2,2,7
1597,171,1,141,1,1,7
1608,172,1,143,2,2,7
1619,173,1,153,2,2,7
1630,174,1,162,2,2,7
5609,190,1,124,2,2,7
2157,201,1,118,1,1,7
2168,202,1,125,1,1,7
2179,203,1,125,1,1,7
2190,204,1,128,1,1,7
25456,220,3,98,1,1,7
2503,232,3,101,1,1,7
5159,250,22,94,1,1,7
25639,266,22,81,1,1,7
25653,267,22,85,1,1,7
25667,268,22,85,1,1,7
25681,269,22,87,2,2,7
25500,272,3,118,1,1,7
4741,282,3,105,1,1,7
3378,297,3,116,1,1,7
8486,318,3,117,1,1,7
8505,319,3,121,2,2,7
8524,320,3,125,2,2,7
25876,49,6,161,1,1,7
25887,50,6,170,1,1,7
8494,319,1,132,1,1,7
8702,11,23,126,1,1,7
8712,12,23,128,1,1,7
8933,364,1,89,1,1,7
8953,365,1,98,1,1,7
9260,378,1,93,1,1,7
9589,398,3,106,1,1,7
9605,399,3,110,1,1,7
9827,414,3,102,1,1,7
9840,415,3,102,1,1,7
10377,446,1,83.5,1,1,7
23646,538,32,76,1,1,7
22207,619,32,92,1,1,7
21786,642,25,73,1,1,7
19924,728,172,54,1,1,7
24450,352,9,426,1,1,7
24474,353,9,426,1,1,7
24670,852,9,426,1,1,7
25088,876,9,407,1,1,7
25100,877,9,422,1,1,7
25112,878,9,440,1,1,7
25123,879,1,378,3,3,7
25124,879,9,460,1,1,7
25280,893,9,377,1,1,7
26008,907,131,301,1,1,7
26209,933,131,328,1,1,7
26524,955,131,258,1,1,7
26844,980,131,392,1,1,7
27104,1003,131,452,1,1,7
27263,1016,131,295,1,1,7
27563,1039,131,325,1,1,7
27824,1063,9,303.5,2,2,7
122,29,6,121,1,1,6
1633,34,1,145,2,2,6
183,35,1,151,2,2,6
25844,46,1,138,11,NA,6
25855,47,1,148,11,NA,6
6394,60,4,106,1,1,6
6461,66,6,158,2,2,6
651,80,4,89,1,1,6
661,81,4,102,1,1,6
695,84,1,121,2,2,6
6197,96,6,106,1,1,6
6110,121,6,137,2,2,6
5872,131,6,86,1,1,6
5712,150,6,108,1,1,6
5723,151,6,118,1,1,6
5734,152,6,124,1,1,6
1556,168,6,102,2,2,6
1567,169,6,111,2,2,6
1575,169,1,122,1,1,6
1578,170,6,117,2,2,6
5565,186,1,106,1,1,6
5576,187,1,108,1,1,6
5587,188,1,110,1,1,6
5598,189,1,114,2,2,6
5592,189,6,118,1,1,6
5603,190,6,128,1,1,6
2146,200,1,102,1,1,6
2192,204,6,118,2,2,6
2203,205,6,127,2,2,6
2214,206,6,133,2,2,6
25420,217,3,72,2,2,6
25432,218,3,78,2,2,6
25444,219,3,84,2,2,6
2492,231,3,85,1,1,6
5133,248,22,81,1,1,6
5146,249,22,84,1,1,6
25597,263,22,67,1,1,6
25611,264,22,67,1,1,6
25625,265,22,67,1,1,6
25710,271,3,108,1,1,6
4728,281,3,95,1,1,6
3364,296,3,100,1,1,6
8467,317,3,103,2,2,6
7833,332,1,109,1,1,6
7852,333,1,118,1,1,6
7881,334,6,100,2,2,6
7871,334,1,118,1,1,6
7900,335,6,100,2,2,6
7890,335,1,118,1,1,6
7919,336,6,110,2,2,6
7909,336,1,121,1,1,6
25854,47,6,137,1,1,6
25865,48,6,143,1,1,6
8418,315,1,99,1,1,6
8437,316,1,108,1,1,6
8456,317,1,114,1,1,6
8475,318,1,116,2,2,6
8642,7,23,96,1,1,6
8662,8,23,105,1,1,6
8682,9,23,112,1,1,6
8692,10,23,114,1,1,6
8913,363,1,74,1,1,6
9242,377,1,78,1,1,6
9574,397,3,93,1,1,6
9814,413,3,89,1,1,6
10129,431,1,79,1,1,6
10146,432,1,83,1,1,6
10163,433,1,86,1,1,6
10180,434,1,90,1,1,6
10197,435,1,90,1,1,6
10362,445,1,68.5,1,1,6
11500,511,3,120,1,1,6
24221,526,6,113,1,1,6
23627,537,32,67,1,1,6
22992,568,6,64,1,1,6
23018,569,6,64,1,1,6
23037,570,6,64,1,1,6
23056,571,6,70,1,1,6
23075,572,6,76,1,1,6
23094,573,6,77,1,1,6
23113,574,6,81,1,1,6
23109,574,1,70,2,2,6
23132,575,6,83,1,1,6
23128,575,1,74,2,2,6
22836,589,6,72.5,1,1,6
22183,617,32,77,2,2,6
22195,618,32,83,1,1,6
21770,641,25,64,1,1,6
13926,17,9,153.5,2,2,6
21355,663,196,60,1,1,6
21364,664,196,63,1,1,6
21384,666,196,66,1,1,6
19129,755,170,48,1,1,6
19111,754,170,48,1,1,6
19104,753,170,48,1,1,6
17847,775,118,48,1,1,6
21662,655,32,59,1,1,6
21650,654,32,59,1,1,6
21374,665,196,63,1,1,6
20495,708,172,54,1,1,6
20479,707,172,54,1,1,6
20463,706,172,54,1,1,6
20447,705,172,54,1,1,6
19905,727,172,54,1,1,6
24378,348,9,312,1,1,6
24390,349,9,330,1,1,6
24402,350,9,350,1,1,6
24438,351,9,383,1,1,6
24612,848,9,295,1,1,6
24624,849,9,328,1,1,6
24636,850,9,355,1,1,6
24648,851,9,383,1,1,6
24743,858,1,482,2,2,6
24755,859,1,497,2,2,6
25064,875,9,367,1,1,6
25111,878,1,353,3,3,6
25269,892,9,352,1,1,6
25986,905,131,240,1,1,6
25997,906,131,258,1,1,6
26199,932,131,285,1,1,6
26502,954,131,223,1,1,6
26824,978,131,330,1,1,6
26834,979,131,357,1,1,6
27094,1002,131,415,1,1,6
27143,1006,6,497,2,2,6
27153,1007,6,530,2,2,6
27163,1008,6,553,2,2,6
27173,1009,6,571,2,2,6
27253,1015,131,257,1,1,6
27543,1037,131,264,1,1,6
27553,1038,131,281,1,1,6
27784,1060,9,286,1,1,6
27794,1061,9,289,1,1,6
27814,1062,9,291,2,2,6
78,25,6,91,1,1,5
89,26,6,96,1,1,5
100,27,6,105,1,1,5
106,28,1,100,2,2,5
111,28,6,111,1,1,5
117,29,1,113,2,2,5
128,30,1,119,2,2,5
139,31,1,129,2,2,5
150,32,1,135,1,1,5
161,33,1,135,2,2,5
25822,44,1,128,11,NA,5
25833,45,1,138,11,NA,5
6383,59,4,91,1,1,5
6439,64,6,139,2,2,5
6450,65,6,142,2,2,5
621,77,4,76,1,1,5
1818,78,4,76,1,1,5
1663,79,4,76,1,1,5
685,83,1,105,2,2,5
6177,94,6,82,1,1,5
6187,95,6,88,1,1,5
6080,118,6,118,1,1,5
6090,119,6,120,1,1,5
6100,120,6,121,2,2,5
5850,129,6,66,1,1,5
5861,130,6,72,1,1,5
5701,149,6,94,1,1,5
1523,165,6,84,1,1,5
1534,166,6,88,1,1,5
1545,167,6,92,2,2,5
1553,167,1,98,1,1,5
1564,168,1,108,1,1,5
5537,184,6,90,1,1,5
5554,185,1,90,2,2,5
5548,185,6,94,1,1,5
5559,186,6,97,2,2,5
5570,187,6,102,2,2,5
5581,188,6,102,2,2,5
2102,196,1,75,1,1,5
2113,197,1,75,1,1,5
2124,198,1,80,1,1,5
2135,199,1,86,1,1,5
2170,202,6,102,2,2,5
2181,203,6,102,2,2,5
25396,215,3,62,2,2,5
25408,216,3,62,2,2,5
25476,222,6,100,2,2,5
25488,223,6,102,2,2,5
2459,228,3,65,1,1,5
2470,229,3,65,1,1,5
2481,230,3,69,1,1,5
5120,247,22,68,1,1,5
5238,256,3,118,2,2,5
25583,262,22,57,1,1,5
25682,269,3,89,1,1,5
25696,270,3,95,2,2,5
4715,280,3,85,1,1,5
4820,288,1,84,2,2,5
3322,293,3,74,1,1,5
3336,294,3,84,1,1,5
3350,295,3,84,1,1,5
3484,304,1,99,2,2,5
8448,316,3,93,2,2,5
7814,331,1,96,1,1,5
7862,333,6,85,2,2,5
25821,44,6,103,1,1,5
25832,45,6,111,1,1,5
25843,46,6,119,1,1,5
8399,314,1,83,1,1,5
8672,6,23,86,1,1,5
8770,16,9,135.5,2,2,5
8893,362,1,65,1,1,5
9224,376,1,63,1,1,5
9559,396,3,78,1,1,5
9801,412,3,76,1,1,5
10113,430,1,70,2,2,5
10302,441,1,46.5,1,1,5
10317,442,1,56.5,1,1,5
10332,443,1,59.5,1,1,5
10347,444,1,59.5,1,1,5
11485,510,3,105,1,1,5
24184,524,6,95,1,1,5
24202,525,6,104,1,1,5
24200,525,3,75,2,2,5
24219,526,3,75,2,2,5
23589,535,32,58,1,1,5
23608,536,32,58,1,1,5
23718,542,6,58,2,2,5
23354,556,32,56,2,2,5
23374,557,32,62,2,2,5
23394,558,32,62,2,2,5
23414,559,32,62,2,2,5
22942,565,6,51,1,1,5
22961,566,6,55,1,1,5
22973,567,6,55,1,1,5
23090,573,1,61,2,2,5
22816,588,6,63.5,1,1,5
22158,615,25,71,1,1,5
22171,616,32,68,2,2,5
22170,616,25,77,1,1,5
22182,617,25,80,1,1,5
22194,618,25,82,2,2,5
22206,619,25,82,2,2,5
21994,629,32,61,1,1,5
22006,630,32,61,1,1,5
22018,631,32,61,1,1,5
21740,638,25,51,1,1,5
21747,639,25,51,1,1,5
21758,640,25,55,1,1,5
21338,661,196,45,1,1,5
21346,662,196,51,1,1,5
21086,678,180,62,1,1,5
19887,726,172,51,1,1,5
19870,725,172,51,1,1,5
19386,745,6,45,1,1,5
19092,752,170,46,1,1,5
17838,774,118,46,1,1,5
21638,653,32,50,1,1,5
21627,652,32,50,1,1,5
21616,651,32,50,1,1,5
21605,650,32,50,1,1,5
20431,704,172,45,1,1,5
19373,744,6,45,1,1,5
18918,764,170,40,1,1,5
24354,346,9,249,2,2,5
24366,347,9,272,2,2,5
24389,349,1,329,2,2,5
24401,350,1,347,2,2,5
24437,351,1,359,2,2,5
24449,352,1,381,2,2,5
24473,353,1,399,2,2,5
24472,353,6,374,3,3,5
24484,354,6,389,3,3,5
24485,354,1,421,2,2,5
24496,355,6,396,3,3,5
24497,355,1,454,2,2,5
24588,846,9,222,1,1,5
24600,847,9,255,1,1,5
24707,855,1,388,2,2,5
24719,856,1,418,2,2,5
24731,857,1,442,2,2,5
25003,872,1,243,2,2,5
25039,873,1,261,2,2,5
25052,874,9,324,1,1,5
25051,874,1,283,2,2,5
25063,875,1,284,3,3,5
25087,876,1,306,3,3,5
25099,877,1,318,3,3,5
25247,891,9,312,1,1,5
25975,904,131,197,1,1,5
26189,931,131,242,1,1,5
26491,953,131,188,1,1,5
26814,977,131,287,1,1,5
26913,987,6,495,2,2,5
26923,988,6,522,2,2,5
27064,1000,131,345,1,1,5
27073,1001,6,360,2,2,5
27074,1001,131,375,1,1,5
27093,1002,6,390,2,2,5
27103,1003,6,415,2,2,5
27113,1004,6,442,2,2,5
27123,1005,6,460,2,2,5
27243,1014,131,217,1,1,5
27533,1036,131,221,1,1,5
27764,1058,9,252,1,1,5
45,22,6,63,1,1,4
56,23,6,69,1,1,4
67,24,6,73,1,1,4
95,27,1,86,3,3,4
25800,42,1,106,11,NA,4
25811,43,1,114,11,NA,4
6372,58,4,78,1,1,4
6428,63,6,121,2,2,4
24508,75,4,58,1,1,4
612,76,4,63,1,1,4
665,81,1,87,2,2,4
675,82,1,95,2,2,4
6167,93,6,64,1,1,4
6050,115,6,85,1,1,4
6060,116,6,95,1,1,4
6070,117,6,103,1,1,4
6089,119,3,118,2,2,4
6099,120,3,129,1,1,4
6109,121,3,141,1,1,4
6119,122,3,144,2,2,4
6129,123,3,144,2,2,4
5839,128,6,50,1,1,4
5679,147,6,76,1,1,4
5690,148,6,82,1,1,4
5777,155,3,73,3,3,4
5788,156,3,73,3,3,4
5779,156,1,95,2,2,4
5799,157,3,80,3,3,4
5790,157,1,102,2,2,4
1501,163,6,62,1,1,4
1512,164,6,68,1,1,4
1542,166,1,82,2,2,4
1809,74,4,46,1,1,4
5521,182,1,62,2,2,4
5532,183,1,72,2,2,4
5526,183,6,74,1,1,4
5543,184,1,74,2,2,4
2091,195,1,65,1,1,4
2137,199,6,83,2,2,4
2148,200,6,90,2,2,4
2159,201,6,92,2,2,4
25360,212,3,40,2,2,4
25372,213,3,43,2,2,4
25384,214,3,52,2,2,4
25428,218,6,84,1,1,4
25440,219,6,85,1,1,4
25452,220,6,86,2,2,4
25464,221,6,86,2,2,4
2448,227,3,55,1,1,4
5107,246,22,58,1,1,4
5186,252,3,94,2,2,4
5199,253,3,98,2,2,4
5212,254,3,108,2,2,4
5225,255,3,108,2,2,4
25555,260,22,40,1,1,4
25569,261,22,46,1,1,4
25668,268,3,73,2,2,4
4702,279,3,69,1,1,4
4807,287,1,74,2,2,4
3308,292,3,58,1,1,4
3439,301,1,73,3,3,4
3454,302,1,83,2,2,4
3469,303,1,89,2,2,4
8391,313,3,71,1,1,4
8410,314,3,81,2,2,4
8429,315,3,83,2,2,4
7767,328,6,54,2,2,4
7786,329,6,57,2,2,4
7776,329,1,77,1,1,4
7805,330,6,57,2,2,4
7795,330,1,83,1,1,4
7824,331,6,63,2,2,4
7843,332,6,72,2,2,4
25810,43,6,89,1,1,4
8285,308,1,50,1,1,4
8304,309,1,50,1,1,4
8323,310,1,54,1,1,4
8342,311,1,58,1,1,4
8361,312,1,67,1,1,4
8380,313,1,70,2,2,4
8592,5,23,68,1,1,4
8760,15,9,120.5,2,2,4
8853,360,1,56,1,1,4
8873,361,1,56,1,1,4
9206,375,1,48,1,1,4
9544,395,3,69,1,1,4
9788,411,3,61,1,1,4
9903,419,1,96,2,2,4
10097,429,1,55,2,2,4
10208,435,3,71,3,3,4
10287,440,1,42,1,1,4
10639,462,4,68,1,1,4
10653,463,6,80,1,1,4
10655,463,4,68,2,2,4
10669,464,6,89,1,1,4
10671,464,4,72,2,2,4
10714,466,34,72,3,3,4
10701,465,6,89,1,1,4
10703,465,4,78,2,2,4
10717,466,6,89,1,1,4
10719,466,4,79,2,2,4
10885,476,1,54,1,1,4
10902,477,1,54,1,1,4
10919,478,1,54,2,2,4
10936,479,1,56,2,2,4
10953,480,1,60,2,2,4
10968,481,4,59,3,3,4
10970,481,1,63,2,2,4
11019,482,4,62,3,3,4
11021,482,1,69,2,2,4
11288,497,3,95,1,1,4
11410,505,3,57,1,1,4
11425,506,3,67,1,1,4
11440,507,3,77,1,1,4
11455,508,3,80,1,1,4
11470,509,3,90,1,1,4
24078,518,6,54,1,1,4
24095,519,6,60,1,1,4
24112,520,6,62,1,1,4
24150,522,6,74,1,1,4
24167,523,6,80,1,1,4
24165,523,3,58,3,3,4
24182,524,3,62,2,2,4
23551,533,32,45,1,1,4
23570,534,32,49,1,1,4
23699,541,6,49,3,3,4
23266,551,32,43,2,2,4
23282,552,32,47,2,2,4
23300,553,32,47,2,2,4
23318,554,32,47,2,2,4
23338,555,6,80,1,1,4
23336,555,32,47,2,2,4
23356,556,6,86,1,1,4
23376,557,6,89,1,1,4
23396,558,6,89,1,1,4
23416,559,6,95,1,1,4
22923,564,6,42,1,1,4
23052,571,1,52,2,2,4
23071,572,1,52,3,3,4
22796,587,6,54.5,1,1,4
22418,603,1,70,1,1,4
22438,604,1,73,1,1,4
22123,612,32,52,1,1,4
22135,613,32,58,1,1,4
22147,614,32,58,2,2,4
22146,614,25,62,1,1,4
22159,615,32,59,2,2,4
21982,628,32,52,1,1,4
22026,631,25,51,2,2,4
21729,637,25,42,1,1,4
21330,660,196,36,1,1,4
21003,673,180,38,1,1,4
21024,674,180,44,1,1,4
21035,675,180,44,1,1,4
21058,676,180,47,1,1,4
21069,677,180,53,1,1,4
20839,686,191,51,1,1,4
20858,687,191,57,1,1,4
20877,688,191,61,1,1,4
20906,689,180,44,2,2,4
20897,689,191,63,1,1,4
19843,723,172,37,1,1,4
19856,724,172,43,1,1,4
19075,751,170,38,1,1,4
17829,773,118,41,1,1,4
19362,743,6,42,1,1,4
19352,742,6,42,1,1,4
21660,655,6,52,2,2,4
21594,649,32,41,1,1,4
20720,698,191,42,1,1,4
20705,697,191,40,1,1,4
20690,696,191,40,1,1,4
20677,695,191,39,1,1,4
20415,703,172,36,1,1,4
19614,737,66,42,1,1,4
18906,763,170,38,1,1,4
22740,584,6,50,1,1,4
22758,585,6,50,1,1,4
22777,586,6,54,1,1,4
24129,521,6,65,1,1,4
24329,344,1,215,1,1,4
24341,345,1,248,1,1,4
24342,345,9,218,2,2,4
24353,346,1,278,1,1,4
24365,347,1,300,1,1,4
24377,348,1,304,2,2,4
24436,351,6,319,3,3,4
24448,352,6,334,3,3,4
24576,845,9,185,1,1,4
24649,851,1,280,2,2,4
24671,852,1,295,2,2,4
24683,853,1,325,2,2,4
24695,854,1,353,2,2,4
24991,871,1,218,2,2,4
25040,873,9,297,1,1,4
25225,888,9,250,1,1,4
25236,890,9,277,1,1,4
25964,903,131,154,1,1,4
26179,930,131,202,1,1,4
26469,951,131,157,1,1,4
26480,952,131,157,1,1,4
26794,975,131,222,1,1,4
26804,976,131,250,1,1,4
26833,979,6,318,2,2,4
26843,980,6,348,2,2,4
26853,981,6,373,2,2,4
26863,982,6,373,2,2,4
26873,983,6,385,2,2,4
26883,984,6,395,2,2,4
26893,985,6,428,2,2,4
26903,986,6,455,2,2,4
27043,998,6,287,1,1,4
27053,999,6,302,2,2,4
27054,999,131,310,1,1,4
27063,1000,6,335,2,2,4
27155,1007,9,362,3,3,4
27165,1008,9,392,3,3,4
27175,1009,9,419,3,3,4
27233,1013,131,173,1,1,4
27513,1034,131,146,1,1,4
27523,1035,131,180,1,1,4
27754,1059,9,215,1,1,4
27793,1061,131,285,2,2,4
27813,1062,131,303,1,1,4
27823,1063,131,310.5,1,1,4
27833,1064,131,344.5,1,1,4
34,21,6,47,1,1,3
84,26,1,72,3,3,3
25789,41,1,88,11,NA,3
6339,55,4,42,1,1,3
6350,56,4,51,1,1,3
6361,57,4,62,1,1,3
6417,62,6,105,2,2,3
1800,73,4,36,1,1,3
1822,78,1,63,2,2,3
1667,79,1,63,2,2,3
655,80,1,71,2,2,3
6157,92,6,51,1,1,3
6030,113,6,64,1,1,3
6040,114,6,71,2,2,3
6069,117,3,100,2,2,3
6079,118,3,108,2,2,3
5828,127,6,40,1,1,3
5657,145,6,50,1,1,3
5668,146,6,60,1,1,3
5724,151,1,66,2,2,3
5744,152,3,56,3,3,3
5735,152,1,66,2,2,3
5755,153,3,59,3,3,3
5746,153,1,72,2,2,3
5766,154,3,59,3,3,3
5757,154,1,81,2,2,3
5768,155,1,81,2,2,3
1468,160,6,39,1,1,3
1479,161,6,43,1,1,3
1490,162,6,49,1,1,3
1520,164,1,63,2,2,3
1531,165,1,66,2,2,3
5471,178,6,44,1,1,3
5482,179,6,51,1,1,3
5499,180,1,46,2,2,3
5493,180,6,55,1,1,3
5510,181,1,52,2,2,3
5504,181,6,58,1,1,3
5515,182,6,64,1,1,3
2080,194,1,49,1,1,3
2126,198,6,69,2,2,3
5284,210,3,30,1,1,3
5295,211,3,30,2,2,3
25380,214,6,65,1,1,3
25392,215,6,65,1,1,3
25404,216,6,71,1,1,3
25416,217,6,74,1,1,3
25487,223,1,63,4,4,3
2437,226,3,42,1,1,3
2559,237,6,58,3,3,3
2570,238,6,64,3,3,3
2581,239,6,70,2,2,3
5081,244,22,46,1,1,3
5094,245,22,48,1,1,3
5147,249,3,74,2,2,3
5160,250,3,80,2,2,3
5173,251,3,80,2,2,3
25541,259,22,30,1,1,3
25654,267,3,62,2,2,3
4677,277,3,46,1,1,3
4690,278,1,44,2,2,3
4689,278,3,55,1,1,3
4703,279,1,44,2,2,3
4716,280,1,48,2,2,3
4729,281,1,50,2,2,3
4742,282,1,53,2,2,3
4755,283,1,53,2,2,3
4768,284,1,56,3,3,3
4781,285,1,60,3,3,3
4794,286,1,60,3,3,3
3267,291,3,48,1,1,3
3409,299,1,58,2,2,3
3424,300,1,60,3,3,3
8372,312,3,55,2,2,3
7700,325,1,50,1,1,3
7719,326,1,54,1,1,3
7748,327,6,45,2,2,3
7738,327,1,60,1,1,3
7757,328,1,64,1,1,3
25766,39,6,49,1,1,3
25777,40,6,56,1,1,3
25788,41,6,60,1,1,3
25799,42,6,71,1,1,3
8266,307,1,40,1,1,3
8582,4,23,50,1,1,3
8690,9,9,92.5,2,2,3
8700,10,9,98.5,2,2,3
8710,11,9,98.5,2,2,3
8720,12,9,104.5,2,2,3
8730,13,9,105.5,2,2,3
8740,14,9,110.5,2,2,3
8833,359,1,47,1,1,3
9012,368,6,53,2,2,3
9032,369,6,59,2,2,3
9132,371,6,59,3,3,3
9112,370,6,59,3,3,3
9188,374,1,33,1,1,3
9529,394,3,60,1,1,3
9604,399,1,62,2,2,3
9620,400,1,72,2,2,3
9636,401,1,72,2,2,3
9652,402,1,76,2,2,3
9668,403,1,76,2,2,3
9749,409,3,46,1,1,3
9775,410,3,48,1,1,3
9848,415,1,72,2,2,3
9861,416,1,75,2,2,3
9875,417,1,81,2,2,3
9889,418,1,87,2,2,3
10065,427,1,38,2,2,3
10081,428,1,46,2,2,3
10148,432,32,63,3,3,3
10165,433,32,71,3,3,3
10182,434,32,71,3,3,3
10191,434,3,62,4,4,3
10199,435,32,71,4,4,3
10272,439,1,33,1,1,3
10607,460,4,53,1,1,3
10621,461,6,59,1,1,3
10623,461,4,56,2,2,3
10637,462,6,65,2,2,3
10698,465,34,59,3,3,3
10834,473,1,38,1,1,3
10851,474,1,42,1,1,3
10868,475,1,45,1,1,3
10900,477,4,38,3,3,3
10917,478,4,44,3,3,3
10927,478,6,61,1,1,3
10934,479,4,44,4,4,3
10944,479,6,64,1,1,3
10951,480,4,50,4,4,3
10961,480,6,64,1,1,3
10978,481,6,74,1,1,3
11029,482,6,74,1,1,3
11101,487,3,52,1,1,3
11118,488,3,58,1,1,3
11135,489,3,61,1,1,3
11152,490,3,61,1,1,3
11169,491,3,67,1,1,3
11220,493,3,72,1,1,3
11204,492,34,43,2,2,3
11203,492,3,67,1,1,3
11221,493,34,47,2,2,3
11237,494,3,76,1,1,3
11238,494,34,56,2,2,3
11254,495,3,86,1,1,3
11255,495,34,57,2,2,3
11260,495,4,48,3,3,3
11271,496,3,86,1,1,3
11272,496,34,59,2,2,3
11277,496,4,48,3,3,3
11289,497,34,61,2,2,3
11294,497,4,54,3,3,3
11395,504,3,44,1,1,3
11452,507,4,32,4,4,3
11467,508,4,38,4,4,3
11471,509,34,54,3,3,3
11482,509,4,38,4,4,3
11486,510,34,55,3,3,3
11497,510,4,38,4,4,3
11501,511,34,55,3,3,3
11512,511,4,38,4,4,3
24053,516,27,38,1,1,3
24069,517,27,44,2,2,3
24061,517,6,45,1,1,3
24086,518,27,46,2,2,3
24103,519,27,46,2,2,3
24120,520,27,47,2,2,3
24137,521,27,51,2,2,3
24148,522,3,49,3,3,3
24142,522,27,55,2,2,3
23532,532,32,36,1,1,3
23604,536,6,31,3,3,3
23623,537,6,31,3,3,3
23642,538,6,35,4,4,3
23661,539,6,36,3,3,3
23680,540,6,40,3,3,3
23234,549,32,33,2,2,3
23250,550,32,34,2,2,3
23302,553,6,65,1,1,3
23320,554,6,71,1,1,3
23398,558,59,55,3,3,3
23421,559,1,60,3,3,3
23418,559,59,55,4,4,3
22880,562,6,27,1,1,3
22904,563,6,33,1,1,3
23014,569,1,40,3,3,3
23033,570,1,43,3,3,3
22761,585,1,39.5,3,3,3
22780,586,1,39.5,3,3,3
22799,587,1,41,3,3,3
22819,588,1,47,3,3,3
22839,589,1,53,3,3,3
22266,594,1,35,1,1,3
22282,595,1,37,1,1,3
22298,596,1,40,1,1,3
22314,597,1,42,1,1,3
22330,598,1,43,2,2,3
22346,599,1,49,1,1,3
22364,600,1,49,2,2,3
22363,600,6,57,1,1,3
22382,601,1,55,2,2,3
22381,601,6,59,1,1,3
22402,602,32,38,4,4,3
22400,602,1,61,1,1,3
22399,602,6,59,2,2,3
22420,603,32,42,4,4,3
22417,603,6,65,2,2,3
22440,604,32,42,4,4,3
22437,604,6,65,2,2,3
22434,604,34,35,5,5,3
22056,608,32,31,1,1,3
22066,609,32,35,2,2,3
22077,610,32,37,2,2,3
22076,610,25,39,1,1,3
22088,611,32,43,2,2,3
22087,611,25,43,1,1,3
22122,612,25,51,2,2,3
22134,613,25,53,2,2,3
22192,618,1,55,3,3,3
22204,619,1,58,3,3,3
21960,626,32,43,1,1,3
21971,627,32,43,1,1,3
22014,630,25,42,3,3,3
21714,636,25,33,1,1,3
21322,659,196,27,1,1,3
20949,669,180,27,1,1,3
20958,670,180,29,1,1,3
20979,671,180,29,1,1,3
20994,672,180,29,1,1,3
21060,676,187,40,2,2,3
21073,677,196,45,2,2,3
21090,678,196,45,3,3,3
20822,685,191,42,1,1,3
20886,688,180,35,2,2,3
20484,707,66,45,2,2,3
20500,708,66,45,2,2,3
20109,713,172,34,1,1,3
20132,715,172,34,2,2,3
19831,722,172,28,1,1,3
19385,745,172,35,2,2,3
19580,735,66,37,1,1,3
19611,737,172,36,2,2,3
17820,772,118,33,2,2,3
19594,736,172,36,2,2,3
19597,736,66,39,1,1,3
19343,741,6,33,1,1,3
19069,750,170,30,1,1,3
21648,654,6,46,2,2,3
21636,653,6,43,2,2,3
21584,648,32,32,1,1,3
21099,678,187,49,2,2,3
21082,677,187,43,3,3,3
20664,694,191,30,1,1,3
20399,702,172,27,1,1,3
20168,718,6,45,1,1,3
20164,718,172,37,3,3,3
20155,717,6,43,1,1,3
20151,717,172,36,3,3,3
20144,716,172,35,3,3,3
20137,716,6,37,1,1,3
20120,714,172,34,1,1,3
18894,762,170,34,1,1,3
22705,582,6,35,1,1,3
22722,583,6,41,1,1,3
24159,523,27,61,2,2,3
24176,524,27,61,3,3,3
24194,525,27,61,3,3,3
24213,526,27,61,3,3,3
24306,342,9,156,1,1,3
24317,343,1,172,1,1,3
24318,343,9,171,2,2,3
24330,344,9,193,2,2,3
24400,350,6,290,3,3,3
24564,844,9,148,1,1,3
24637,850,1,243,2,2,3
24885,868,9,216,1,1,3
24969,869,6,177,2,2,3
24968,869,9,230,1,1,3
24992,871,9,272,1,1,3
24979,870,1,193,2,2,3
24980,870,9,246,1,1,3
24981,870,6,189,4,4,3
24993,871,6,199,4,4,3
25004,872,9,272,1,1,3
25005,872,6,226,3,3,3
25041,873,6,245,3,3,3
25053,874,6,263,3,3,3
25065,875,6,290,2,2,3
25089,876,6,316,2,2,3
25101,877,6,340,2,2,3
25113,878,6,367,2,2,3
25125,879,6,400,2,2,3
25203,886,9,201,1,1,3
25214,887,9,219,1,1,3
25237,890,131,208,2,2,3
25248,891,131,235,2,2,3
25281,893,131,267,3,3,3
25270,892,131,245,3,3,3
25292,894,131,283,3,3,3
25303,895,131,287,3,3,3
25314,896,131,313,2,2,3
25325,897,131,334,2,2,3
25336,898,131,348,2,2,3
25347,899,131,360,2,2,3
25953,902,131,111,1,1,3
26062,911,9,254,2,2,3
26073,912,9,272,2,2,3
26084,913,9,305,2,2,3
26095,914,9,332,2,2,3
26106,915,9,342,2,2,3
26117,916,9,363,2,2,3
26128,917,9,373,2,2,3
26139,918,9,405,2,2,3
26169,929,131,159,1,1,3
26271,939,6,310,2,2,3
26291,940,6,337,2,2,3
26376,941,6,359,2,2,3
26386,942,6,374,2,2,3
26396,943,6,374,2,2,3
26406,944,6,401,2,2,3
26427,945,6,428,2,2,3
26458,950,131,114,1,1,3
26774,973,131,161,1,1,3
26783,974,6,196,1,1,3
26784,974,131,179,2,2,3
26793,975,6,214,2,2,3
26803,976,6,226,2,2,3
26813,977,6,254,2,2,3
26823,978,6,275,2,2,3
26905,986,9,340,3,3,3
26915,987,9,358,3,3,3
26925,988,9,368,3,3,3
27013,995,6,189,2,2,3
27023,996,6,214,2,2,3
27024,996,131,237,1,1,3
27033,997,6,247,1,1,3
27034,997,131,237,2,2,3
27035,997,9,189,3,3,3
27044,998,131,267,2,2,3
27045,998,9,199,3,3,3
27055,999,9,211,3,3,3
27065,1000,9,223,3,3,3
27075,1001,9,238,3,3,3
27095,1002,9,248,3,3,3
27105,1003,9,274,3,3,3
27115,1004,9,292,3,3,3
27125,1005,9,319,3,3,3
27145,1006,9,337,3,3,3
27223,1012,131,130,1,1,3
27375,1024,6,394,2,2,3
27385,1025,6,409,2,2,3
27415,1026,6,435,2,2,3
27425,1027,6,466,2,2,3
27435,1028,6,479,2,2,3
27444,1029,9,391,3,3,3
27445,1029,6,479,2,2,3
27454,1030,9,417,3,3,3
27455,1030,6,504,2,2,3
27503,1033,131,121,1,1,3
27723,1055,131,141,1,1,3
27733,1056,131,148,2,2,3
27743,1057,131,148,2,2,3
27744,1057,9,174,1,1,3
27753,1059,131,178,2,2,3
27763,1058,131,212,2,2,3
27783,1060,131,242,2,2,3
23,20,6,29,2,2,2
51,23,1,53,2,2,2
62,24,1,53,3,3,2
73,25,1,58,3,3,2
164,33,4,66,4,4,2
1636,34,4,72,4,4,2
186,35,4,80,4,4,2
25755,38,6,39,1,1,2
25778,40,1,76,11,NA,2
6328,54,4,28,1,1,2
6362,57,6,46,2,2,2
6373,58,6,59,2,2,2
6384,59,6,63,2,2,2
6395,60,6,75,2,2,2
6406,61,6,87,2,2,2
576,72,4,26,1,1,2
616,76,1,51,2,2,2
625,77,1,53,2,2,2
6147,91,6,33,1,1,2
5989,109,1,26,1,1,2
5998,110,1,39,1,1,2
6008,111,1,51,1,1,2
6020,112,6,48,2,2,2
6018,112,1,51,1,1,2
6028,113,1,63,2,2,2
6038,114,1,73,1,1,2
6048,115,1,76,2,2,2
6059,116,3,82,2,2,2
6058,116,1,76,3,3,2
6068,117,1,85,3,3,2
6078,118,1,95,3,3,2
6088,119,1,103,3,3,2
6098,120,1,115,3,3,2
6108,121,1,120,3,3,2
6118,122,1,128,3,3,2
6128,123,1,142,3,3,2
5817,126,6,24,2,2,2
5624,142,6,30,1,1,2
5635,143,6,36,1,1,2
5646,144,6,40,1,1,2
5669,146,1,42,2,2,2
5680,147,1,44,2,2,2
5700,148,3,28,3,3,2
5691,148,1,48,2,2,2
5711,149,3,37,3,3,2
5702,149,1,53,2,2,2
5722,150,3,43,3,3,2
5713,150,1,56,2,2,2
5733,151,3,46,3,3,2
1460,159,6,26,1,1,2
1498,162,1,42,2,2,2
1509,163,1,52,2,2,2
5460,177,6,28,1,1,2
5488,179,1,36,2,2,2
5571,187,17,57,3,3,2
5582,188,17,57,3,3,2
5593,189,17,58,3,3,2
5604,190,17,61,3,3,2
2062,192,1,32,1,1,2
2070,193,1,39,1,1,2
2115,197,6,53,2,2,2
5273,209,3,20,1,1,2
25368,213,6,51,1,1,2
25439,219,1,38,4,4,2
25451,220,1,44,4,4,2
25463,221,1,44,4,4,2
25475,222,1,47,4,4,2
2426,225,3,26,1,1,2
2548,236,6,48,3,3,2
5056,242,3,29,1,1,2
5069,243,3,32,2,2,2
5068,243,22,33,1,1,2
5082,244,3,38,2,2,2
5095,245,3,38,3,3,2
5108,246,3,48,2,2,2
5121,247,3,52,2,2,2
5134,248,3,58,2,2,2
25527,258,22,20,1,1,2
25612,264,3,43,2,2,2
25626,265,3,43,3,3,2
25640,266,3,49,3,3,2
4654,275,1,26,1,1,2
4666,276,1,26,2,2,2
4665,276,3,36,1,1,2
4678,277,1,34,2,2,2
3256,290,3,32,1,1,2
3351,295,1,36,2,2,2
3365,296,1,36,2,2,2
3379,297,1,38,3,3,2
3394,298,1,44,3,3,2
8353,311,3,45,2,2,2
7681,324,1,38,1,1,2
7729,326,6,36,2,2,2
7797,330,3,42,3,3,2
7816,331,3,42,3,3,2
7835,332,3,44,3,3,2
7854,333,3,44,3,3,2
7873,334,3,49,3,3,2
7892,335,3,54,4,4,2
7912,336,22,71,3,3,2
7911,336,3,57,4,4,2
8532,2,23,25,1,1,2
8248,306,1,24,1,1,2
8562,3,23,36,1,1,2
8670,8,9,74.5,2,2,2
8733,14,1,59,4,4,2
8753,15,1,65,4,4,2
8763,16,1,71,3,3,2
8813,358,1,36,1,1,2
8952,365,6,34,3,3,2
8972,366,6,38,3,3,2
8992,367,6,44,3,3,2
9143,371,3,77,2,2,2
9170,373,1,24,1,1,2
9468,390,1,31,1,1,2
9483,391,1,31,1,1,2
9498,392,1,35,1,1,2
9502,392,32,27,3,3,2
9513,393,1,39,2,2,2
9514,393,3,45,1,1,2
9517,393,32,30,3,3,2
9528,394,1,39,2,2,2
9532,394,32,37,3,3,2
9543,395,1,45,2,2,2
9547,395,32,41,3,3,2
9558,396,1,49,2,2,2
9562,396,32,47,3,3,2
9573,397,1,50,2,2,2
9577,397,32,49,3,3,2
9588,398,1,51,3,3,2
9592,398,32,55,2,2,2
9608,399,32,55,3,3,2
9624,400,32,57,3,3,2
9640,401,32,57,3,3,2
9656,402,32,64,3,3,2
9670,403,6,53,4,4,2
9672,403,32,64,3,3,2
9731,407,1,33,1,1,2
9736,408,3,33,2,2,2
9744,408,1,34,1,1,2
9757,409,1,43,2,2,2
9783,410,1,47,2,2,2
9776,410,32,36,3,3,2
9789,411,32,36,3,3,2
9796,411,1,56,2,2,2
9802,412,32,36,3,3,2
9809,412,1,60,2,2,2
9815,413,32,42,3,3,2
9822,413,1,63,2,2,2
9828,414,32,50,3,3,2
9835,414,1,63,2,2,2
9841,415,32,50,3,3,2
9854,416,32,50,3,3,2
9868,417,32,53,3,3,2
9882,418,32,57,3,3,2
9896,419,32,58,3,3,2
9940,422,32,25,1,1,2
9953,423,1,21,3,3,2
9955,423,32,29,1,1,2
9969,424,1,25,3,3,2
9971,424,32,31,2,2,2
10019,425,32,33,2,2,2
10017,425,1,25,3,3,2
10051,426,32,35,2,2,2
10049,426,1,29,3,3,2
10067,427,32,35,3,3,2
10082,428,6,65,1,1,2
10083,428,32,35,3,3,2
10098,429,6,72,1,1,2
10099,429,32,43,3,3,2
10114,430,6,75,1,1,2
10115,430,32,49,3,3,2
10130,431,6,77,2,2,2
10131,431,32,54,3,3,2
10147,432,6,77,2,2,2
10164,433,6,77,2,2,2
10174,433,3,47,4,4,2
10181,434,6,80,2,2,2
10198,435,6,82,2,2,2
10227,437,1,24,1,1,2
10242,438,1,24,1,1,2
10340,443,34,22,4,4,2
10355,444,34,22,5,5,2
10370,445,34,22,6,6,2
10385,446,34,22,6,6,2
10400,447,34,31,5,5,2
10415,448,34,33,5,5,2
10445,449,34,33,5,5,2
10460,450,34,37,4,4,2
10475,451,34,38,4,4,2
10562,457,4,36,1,1,2
10577,458,4,36,1,1,2
10590,459,6,44,2,2,2
10592,459,4,44,1,1,2
10605,460,6,50,2,2,2
10666,464,34,50,3,3,2
10747,468,4,22,1,1,2
10764,469,4,22,1,1,2
10781,470,4,22,1,1,2
10798,471,4,22,2,2,2
10800,471,1,29,1,1,2
10815,472,4,22,2,2,2
10817,472,1,29,1,1,2
10832,473,4,22,4,4,2
10849,474,4,22,5,5,2
10862,474,34,30,2,2,2
10866,475,4,22,5,5,2
10876,475,6,35,3,3,2
10879,475,34,36,2,2,2
10883,476,4,23,5,5,2
10893,476,6,45,2,2,2
10896,476,34,36,3,3,2
10910,477,6,52,2,2,2
10913,477,34,36,4,4,2
10930,478,34,36,5,5,2
10947,479,34,36,5,5,2
10964,480,34,41,5,5,2
10981,481,34,41,5,5,2
11032,482,34,41,5,5,2
11052,484,3,30,1,1,2
11068,485,3,39,1,1,2
11084,486,3,43,1,1,2
11085,486,34,25,2,2,2
11102,487,34,25,2,2,2
11119,488,34,25,2,2,2
11136,489,34,25,3,3,2
11143,489,6,26,2,2,2
11153,490,34,29,2,2,2
11160,490,6,28,3,3,2
11170,491,34,31,2,2,2
11177,491,6,28,3,3,2
11211,492,6,28,3,3,2
11228,493,6,28,5,5,2
11243,494,4,39,3,3,2
11245,494,6,28,5,5,2
11262,495,6,30,5,5,2
11279,496,6,34,5,5,2
11280,496,27,43,4,4,2
11296,497,6,34,5,5,2
11297,497,27,44,4,4,2
11347,500,4,18,1,1,2
11362,501,4,18,1,1,2
11377,502,4,21,3,3,2
11380,503,3,34,1,1,2
11392,503,4,21,4,4,2
11407,504,4,23,4,4,2
11422,505,4,23,4,4,2
11433,506,27,48,2,2,2
11437,506,4,23,4,4,2
11448,507,27,51,2,2,2
11456,508,34,45,3,3,2
11463,508,27,55,2,2,2
11478,509,27,56,2,2,2
11493,510,27,60,2,2,2
11508,511,27,66,2,2,2
24008,513,27,27,1,1,2
24023,514,27,27,1,1,2
24038,515,27,29,2,2,2
24045,516,6,36,2,2,2
24131,521,3,38,3,3,2
23475,529,32,21,1,1,2
23494,530,32,27,1,1,2
23490,530,6,18,2,2,2
23513,531,32,27,1,1,2
23509,531,6,18,4,4,2
23528,532,6,22,3,3,2
23547,533,6,22,3,3,2
23566,534,6,22,4,4,2
23585,535,6,22,4,4,2
23683,540,34,53,2,2,2
23702,541,34,53,2,2,2
23721,542,34,53,3,3,2
23177,545,6,22,1,1,2
23190,546,6,28,1,1,2
23204,547,6,34,1,1,2
23202,547,32,22,3,3,2
23222,548,59,32,2,2,2
23220,548,6,40,1,1,2
23218,548,32,24,3,3,2
23238,549,59,32,3,3,2
23236,549,6,46,1,1,2
23254,550,59,32,3,3,2
23252,550,6,50,1,1,2
23270,551,59,32,3,3,2
23268,551,6,50,1,1,2
23286,552,59,32,4,4,2
23284,552,6,56,1,1,2
23304,553,59,38,3,3,2
23322,554,59,38,3,3,2
23340,555,59,42,3,3,2
23358,556,59,42,3,3,2
23381,557,1,47,3,3,2
23378,557,59,46,4,4,2
23401,558,1,51,4,4,2
22863,561,6,18,1,1,2
22977,567,1,31,3,3,2
22996,568,1,31,3,3,2
22506,579,1,20.5,2,2,2
22523,580,1,26.5,1,1,2
22540,581,1,26.5,2,2,2
22537,581,6,26,3,3,2
22708,582,1,26.5,3,3,2
22725,583,1,26.5,3,3,2
22743,584,1,30.5,3,3,2
22797,587,34,51,2,2,2
22817,588,34,54,2,2,2
22837,589,34,54,2,2,2
22229,591,1,18,1,1,2
22240,592,1,22,1,1,2
22252,593,1,26,1,1,2
22313,597,6,39,2,2,2
22332,598,32,22,4,4,2
22329,598,6,45,1,1,2
22348,599,32,26,4,4,2
22345,599,6,48,2,2,2
22343,599,25,39,3,3,2
22366,600,32,29,4,4,2
22361,600,25,45,3,3,2
22384,601,32,29,4,4,2
22379,601,25,45,3,3,2
22378,601,34,24,5,5,2
22397,602,25,49,3,3,2
22396,602,34,26,5,5,2
22415,603,25,51,3,3,2
22414,603,34,26,5,5,2
22435,604,25,52,3,3,2
21881,606,32,18,1,1,2
22046,607,32,22,1,1,2
22065,609,25,36,1,1,2
22144,614,1,38,3,3,2
22156,615,1,42,3,3,2
22168,616,1,42,3,3,2
22180,617,1,46,3,3,2
21958,625,25,27,2,2,2
21950,625,32,34,1,1,2
21968,626,25,33,2,2,2
21979,627,25,33,2,2,2
21990,628,25,33,3,3,2
22002,629,25,33,3,3,2
21697,634,25,24,1,1,2
21703,635,25,24,2,2,2
21702,635,6,28,1,1,2
21713,636,6,28,2,2,2
21730,637,6,28,2,2,2
21741,638,6,32,2,2,2
21746,639,6,32,2,2,2
21766,640,66,30,3,3,2
21757,640,6,32,2,2,2
21778,641,66,30,3,3,2
21769,641,6,32,2,2,2
21788,642,66,36,2,2,2
21787,642,6,33,3,3,2
13919,17,1,71,3,3,2
21308,657,196,18,1,1,2
21314,658,196,18,1,1,2
21376,665,180,47,2,2,2
20935,668,180,18,1,1,2
21020,674,196,29,2,2,2
21039,675,196,35,2,2,2
21054,676,196,36,3,3,2
20789,683,191,27,1,1,2
20804,684,191,33,1,1,2
20848,686,180,22,2,2,2
20867,687,180,26,2,2,2
20700,696,6,31,2,2,2
20715,697,6,31,2,2,2
20468,706,66,42,2,2,2
20091,711,172,22,1,1,2
19819,721,172,19,1,1,2
19908,727,66,36,2,2,2
19577,735,172,27,2,2,2
19547,733,172,24,1,1,2
19559,734,172,27,2,2,2
19558,734,66,31,1,1,2
19128,755,32,34,2,2,2
19058,749,170,22,1,1,2
17833,774,87,31,3,3,2
17834,774,6,40,2,2,2
17824,773,87,29,3,3,2
17825,773,6,40,2,2,2
18870,760,170,26,1,1,2
17816,772,6,37,1,1,2
17815,772,87,29,3,3,2
17811,771,118,25,2,2,2
17806,771,87,23,3,3,2
17807,771,6,36,1,1,2
18883,761,6,24,2,2,2
17802,770,118,22,2,2,2
18882,761,170,29,1,1,2
17793,769,118,16,3,3,2
19361,743,172,26,2,2,2
17779,768,87,19,1,1,2
17762,766,87,16,1,1,2
17770,767,87,19,1,1,2
17788,769,87,19,2,2,2
17797,770,87,19,3,3,2
17842,775,87,31,3,3,2
17843,775,6,40,2,2,2
19336,740,6,24,1,1,2
22132,613,1,35,3,3,2
21940,624,32,28,1,1,2
21625,652,6,34,4,4,2
21574,647,32,23,2,2,2
21369,665,182,45,3,3,2
21359,664,182,39,2,2,2
21386,666,180,47,3,3,2
21379,666,182,49,2,2,2
21048,675,187,31,4,4,2
20833,685,180,19,3,3,2
20813,684,180,19,2,2,2
20730,698,6,31,2,2,2
20651,693,191,21,1,1,2
20383,701,172,18,2,2,2
20167,718,183,30,4,4,2
20163,718,66,42,2,2,2
20150,717,66,42,2,2,2
20125,715,6,28,3,3,2
20099,712,172,25,1,1,2
19927,728,66,36,2,2,2
19890,726,66,35,2,2,2
19372,744,172,26,2,2,2
18919,764,6,32,2,2,2
18907,763,6,32,2,2,2
18895,762,6,28,2,2,2
22778,586,34,51,2,2,2
24030,515,6,33,1,1,2
24269,340,1,109,1,1,2
24281,341,1,119,1,1,2
24282,341,9,113,3,3,2
24305,342,1,129,3,3,2
24364,347,6,208,3,3,2
24376,348,6,238,3,3,2
24388,349,6,250,3,3,2
24540,842,9,72,1,1,2
24552,843,9,105,1,1,2
24601,847,1,186,2,2,2
24613,848,1,206,2,2,2
24625,849,1,218,2,2,2
24849,865,9,146,1,1,2
24860,866,1,133,2,2,2
24861,866,9,164,1,1,2
24872,867,1,137,2,2,2
24873,867,9,176,1,1,2
24874,867,6,122,4,4,2
24884,868,1,142,4,4,2
24886,868,6,152,2,2,2
24967,869,1,160,3,3,2
25170,883,9,109,1,1,2
25180,884,6,117,2,2,2
25181,884,9,131,1,1,2
25191,885,6,123,2,2,2
25192,885,9,164,1,1,2
25202,886,6,145,2,2,2
25213,887,6,168,3,3,2
25215,887,131,171,2,2,2
25224,888,6,180,3,3,2
25226,888,131,183,2,2,2
25235,890,6,194,3,3,2
25246,891,6,218,3,3,2
25279,893,6,274,2,2,2
25268,892,6,248,2,2,2
25290,894,6,284,2,2,2
25301,895,6,297,2,2,2
25312,896,6,309,3,3,2
25323,897,6,323,3,3,2
25334,898,6,333,3,3,2
25345,899,6,354,3,3,2
25942,901,131,68,1,1,2
26051,910,9,219,2,2,2
26159,928,131,119,1,1,2
26230,936,6,236,2,2,2
26251,937,6,242,2,2,2
26261,938,6,270,2,2,2
26447,949,131,83,1,1,2
26625,963,9,359,2,2,2
26636,964,9,385,2,2,2
26691,965,9,400,2,2,2
26702,966,9,427,2,2,2
26713,967,9,446,2,2,2
26724,968,9,468,2,2,2
26753,971,6,102,1,1,2
26763,972,6,135,2,2,2
26764,972,131,136,1,1,2
26773,973,6,153,2,2,2
26875,983,9,270,3,3,2
26885,984,9,303,3,3,2
26895,985,9,315,3,3,2
26973,990,6,65,1,1,2
26963,991,6,84,2,2,2
26983,992,6,114,1,1,2
26993,993,6,126,2,2,2
26994,993,131,153,1,1,2
27003,994,6,156,2,2,2
27004,994,131,178,1,1,2
27005,994,9,107,3,3,2
27014,995,131,206,1,1,2
27015,995,9,134,3,3,2
27025,996,9,164,3,3,2
27213,1011,131,87,1,1,2
27334,1020,9,217,3,3,2
27344,1021,9,244,3,3,2
27354,1022,9,254,3,3,2
27364,1023,9,266,3,3,2
27365,1023,6,351,2,2,2
27374,1024,9,289,3,3,2
27384,1025,9,311,3,3,2
27414,1026,9,323,3,3,2
27424,1027,9,341,3,3,2
27434,1028,9,366,3,3,2
27483,1032,131,80,1,1,2
27661,1047,9,319,2,2,2
27713,1054,131,101,1,1,2
27734,1056,9,149,1,1,2
1,18,1,14,1,1,1
7,19,1,24,1,1,1
12,19,6,11,3,3,1
18,20,1,28,3,3,1
29,21,1,34,3,3,1
40,22,1,42,3,3,1
63,24,2,70,2,2,1
74,25,2,74,2,2,1
85,26,2,82,2,2,1
96,27,2,89,2,2,1
107,28,2,90,3,3,1
118,29,2,96,3,3,1
129,30,2,107,3,3,1
140,31,2,117,3,3,1
143,31,5,27,6,6,1
151,32,2,120,3,3,1
153,32,4,51,4,4,1
154,32,5,31,6,6,1
162,33,2,128,3,3,1
165,33,5,34,6,6,1
1637,34,5,34,6,6,1
1634,34,2,135,3,3,1
184,35,2,135,3,3,1
187,35,5,39,6,6,1
25756,38,1,44,11,NA,1
25767,39,1,58,11,NA,1
6317,53,4,10,1,1,1
6351,56,6,30,3,3,1
6452,65,11,52,4,4,1
6463,66,11,58,4,4,1
6474,67,11,65,4,4,1
6486,68,11,73,4,4,1
6498,69,11,78,4,4,1
6510,70,11,86,4,4,1
567,71,4,16,1,1,1
24512,75,1,37,3,3,1
1664,79,6,63,3,3,1
652,80,6,69,3,3,1
662,81,6,74,3,3,1
672,82,6,78,3,3,1
682,83,6,86,3,3,1
692,84,6,86,3,3,1
702,85,6,86,3,3,1
712,86,6,90,3,3,1
722,87,6,98,3,3,1
732,88,6,100,3,3,1
742,89,6,100,3,3,1
6138,90,6,18,1,1,1
6188,95,4,52,2,2,1
6198,96,4,61,2,2,1
6208,97,4,61,2,2,1
6218,98,4,66,2,2,1
6228,99,4,79,2,2,1
6238,100,4,79,2,2,1
6248,101,4,85,2,2,1
6258,102,4,91,2,2,1
6271,103,1,49,5,5,1
6268,103,4,91,2,2,1
6281,104,1,52,5,5,1
6278,104,4,91,3,3,1
6291,105,1,58,5,5,1
6288,105,4,96,3,3,1
6301,106,1,61,5,5,1
6298,106,4,100,3,3,1
6311,107,1,69,5,5,1
6309,107,3,88,4,4,1
6308,107,4,105,3,3,1
5982,108,1,16,1,1,1
6005,110,17,10,5,5,1
6015,111,17,10,5,5,1
6010,111,6,32,2,2,1
6025,112,17,11,5,5,1
6035,113,17,11,5,5,1
6045,114,17,11,5,5,1
6039,114,3,50,3,3,1
6055,115,17,11,5,5,1
6049,115,3,64,3,3,1
6065,116,17,11,6,6,1
6075,117,17,11,7,7,1
6085,118,17,11,7,7,1
6095,119,17,11,8,8,1
6105,120,17,11,8,8,1
6101,120,4,78,4,4,1
6115,121,17,11,8,8,1
6111,121,4,79,4,4,1
6125,122,17,13,9,9,1
6121,122,4,84,4,4,1
6135,123,17,13,9,9,1
6131,123,4,88,4,4,1
5800,124,6,10,1,1,1
5807,125,3,22,1,1,1
5806,125,6,14,2,2,1
5818,126,3,30,1,1,1
5829,127,3,37,2,2,1
5840,128,3,43,2,2,1
5851,129,3,50,2,2,1
5863,130,1,24,3,3,1
5862,130,3,54,2,2,1
5874,131,1,33,3,3,1
5873,131,3,54,2,2,1
5885,132,1,37,3,3,1
5884,132,3,57,2,2,1
5896,133,1,37,3,3,1
5895,133,3,61,2,2,1
5907,134,1,47,3,3,1
5906,134,3,66,2,2,1
5918,135,1,49,3,3,1
5917,135,3,76,2,2,1
5929,136,1,54,3,3,1
5928,136,3,80,2,2,1
5940,137,1,57,3,3,1
5939,137,3,86,2,2,1
5951,138,1,57,3,3,1
5950,138,3,86,2,2,1
5962,139,1,61,3,3,1
5961,139,3,89,2,2,1
5973,140,1,65,3,3,1
5972,140,3,92,2,2,1
5614,141,6,14,1,1,1
5636,143,1,21,2,2,1
5656,144,3,12,3,3,1
5647,144,1,30,2,2,1
5667,145,3,18,3,3,1
5658,145,1,32,2,2,1
5678,146,3,18,3,3,1
5689,147,3,18,3,3,1
1454,158,6,16,1,1,1
1487,161,1,26,2,2,1
5445,175,6,10,1,1,1
5457,176,1,10,2,2,1
5466,177,1,16,2,2,1
5451,176,6,18,1,1,1
5477,178,1,20,2,2,1
5505,181,17,26,3,3,1
5516,182,17,31,3,3,1
5527,183,17,34,3,3,1
5538,184,17,38,3,3,1
5549,185,17,42,3,3,1
5560,186,17,47,3,3,1
5585,188,24,31,5,5,1
5596,189,24,36,4,4,1
5607,190,24,36,4,4,1
2055,191,1,16,1,1,1
2072,193,6,21,2,2,1
2082,194,6,31,2,2,1
2093,195,6,35,2,2,1
2104,196,6,39,2,2,1
2184,203,17,26,5,5,1
2195,204,17,31,5,5,1
2206,205,17,31,5,5,1
2217,206,17,34,4,4,1
5250,207,1,14,1,1,1
5263,208,3,10,2,2,1
5258,208,1,17,1,1,1
5268,209,1,19,2,2,1
5279,210,1,20,3,3,1
5291,211,6,38,1,1,1
5290,211,1,20,3,3,1
25356,212,6,41,1,1,1
25355,212,1,21,3,3,1
25367,213,1,21,4,4,1
25379,214,1,21,4,4,1
25391,215,1,24,4,4,1
25405,216,22,46,3,3,1
25403,216,1,28,4,4,1
25417,217,22,46,3,3,1
25415,217,1,28,4,4,1
25429,218,22,47,3,3,1
25427,218,1,28,4,4,1
25441,219,22,53,3,3,1
25453,220,22,53,3,3,1
25465,221,22,62,3,3,1
25477,222,22,64,3,3,1
25489,223,22,67,3,3,1
2418,224,3,16,1,1,1
2475,229,27,11,5,5,1
2482,230,6,35,2,2,1
2486,230,27,12,5,5,1
2493,231,6,35,2,2,1
2497,231,27,12,5,5,1
2504,232,6,35,2,2,1
2508,232,27,12,5,5,1
2515,233,6,35,3,3,1
2519,233,27,12,6,6,1
2526,234,6,38,3,3,1
2530,234,27,12,6,6,1
2537,235,6,38,3,3,1
2541,235,27,14,6,6,1
2552,236,27,14,6,6,1
2563,237,27,15,6,6,1
2574,238,27,15,6,6,1
2585,239,27,15,6,6,1
5037,240,22,10,1,1,1
5046,241,3,16,2,2,1
5045,241,22,17,1,1,1
5055,242,22,17,3,3,1
5096,245,6,41,2,2,1
5109,246,6,43,3,3,1
5122,247,6,49,3,3,1
5135,248,6,53,3,3,1
5148,249,6,57,3,3,1
5161,250,6,57,3,3,1
5174,251,6,57,3,3,1
5187,252,6,62,3,3,1
5200,253,6,68,3,3,1
5213,254,6,73,3,3,1
5226,255,6,73,3,3,1
5239,256,6,73,3,3,1
25513,257,22,10,1,1,1
25570,261,3,17,3,3,1
25584,262,3,25,3,3,1
25598,263,3,31,3,3,1
25627,265,6,52,2,2,1
25641,266,6,52,2,2,1
25655,267,6,52,3,3,1
25669,268,6,58,3,3,1
25683,269,6,58,3,3,1
25697,270,6,60,3,3,1
25711,271,6,64,3,3,1
25501,272,6,71,3,3,1
4635,273,3,10,1,1,1
4643,274,1,16,1,1,1
4642,274,3,16,2,2,1
4653,275,3,26,2,2,1
4800,286,22,72,2,2,1
4813,287,22,72,3,3,1
4826,288,22,72,3,3,1
3247,289,3,16,1,1,1
3337,294,1,26,2,2,1
3425,300,22,64,2,2,1
3440,301,22,74,2,2,1
3455,302,22,77,3,3,1
3470,303,22,81,3,3,1
3485,304,22,91,3,3,1
8334,310,3,33,2,2,1
8420,315,22,30,4,4,1
8439,316,22,33,4,4,1
8458,317,22,36,4,4,1
8477,318,22,37,4,4,1
8496,319,22,37,4,4,1
8515,320,22,38.5,4,4,1
7624,321,1,9,1,1,1
7653,322,6,12,2,2,1
7643,322,1,19,1,1,1
7672,323,6,15,3,3,1
7664,323,3,15,2,2,1
7662,323,1,25,1,1,1
7691,324,6,15,3,3,1
7683,324,3,18,2,2,1
7710,325,6,21,2,2,1
7702,325,3,18,3,3,1
7721,326,3,20,3,3,1
7740,327,3,21,4,4,1
7759,328,3,27,3,3,1
7778,329,3,30,4,4,1
7893,335,22,62,3,3,1
4038,1,23,18,1,1,1
25745,37,1,32,11,NA,1
25744,37,6,23,1,1,1
8230,305,1,10,1,1,1
8306,309,22,19,2,2,1
8325,310,22,21,3,3,1
8344,311,22,21,4,4,1
8363,312,22,23,4,4,1
8382,313,22,23,4,4,1
8401,314,22,23,4,4,1
8570,3,9,19.5,2,2,1
8590,4,9,27.5,2,2,1
8600,5,9,38.5,2,2,1
8680,6,9,42.5,2,2,1
8650,7,9,56.5,2,2,1
8693,10,1,28,5,5,1
8703,11,1,41,4,4,1
8713,12,1,44,4,4,1
8721,12,6,56,3,3,1
8723,13,1,47,4,4,1
8731,13,6,62,3,3,1
8741,14,6,62,3,3,1
8761,15,6,67,3,3,1
8771,16,6,70,4,4,1
8772,356,6,9,1,1,1
8792,357,6,9,2,2,1
8793,357,1,21,1,1,1
8812,358,6,9,2,2,1
8832,359,6,9,3,3,1
8852,360,6,9,4,4,1
8872,361,6,9,4,4,1
8883,361,3,31,2,2,1
8892,362,6,15,3,3,1
8903,362,3,35,2,2,1
8912,363,6,21,3,3,1
8923,363,3,35,2,2,1
8932,364,6,25,3,3,1
8943,364,3,38,2,2,1
8963,365,3,42,2,2,1
8983,366,3,45,2,2,1
9003,367,3,52,2,2,1
9023,368,3,52,3,3,1
9043,369,3,54,3,3,1
9123,370,3,64,2,2,1
9115,370,22,31,4,4,1
9135,371,22,39,4,4,1
9152,372,1,9,1,1,1
9351,383,6,59,2,2,1
9369,384,6,61,2,2,1
9387,385,6,62,2,2,1
9405,386,6,65,2,2,1
9423,387,6,65,2,2,1
9440,388,1,13,1,1,1
9453,389,1,16,2,2,1
9454,389,3,16,1,1,1
9469,390,3,16,2,2,1
9484,391,3,22,2,2,1
9487,391,32,18,3,3,1
9499,392,3,30,2,2,1
9654,402,6,38,4,4,1
9684,404,3,9,1,1,1
9697,405,3,15,2,2,1
9698,405,32,15,1,1,1
9710,406,3,21,1,1,1
9711,406,32,15,3,3,1
9718,406,1,18,2,2,1
9723,407,3,24,2,2,1
9724,407,32,19,3,3,1
9737,408,32,25,3,3,1
9750,409,32,27,3,3,1
9885,418,22,19,6,6,1
9899,419,22,19,6,6,1
9909,420,1,9,1,1,1
9923,421,1,9,3,3,1
9925,421,32,16,1,1,1
9938,422,1,12,3,3,1
9970,424,6,37,1,1,1
10028,425,3,17,4,4,1
10018,425,6,47,1,1,1
10061,426,34,10,6,6,1
10050,426,6,50,1,1,1
10060,426,3,23,4,4,1
10066,427,6,56,1,1,1
10076,427,3,23,4,4,1
10077,427,34,14,6,6,1
10092,428,3,24,4,4,1
10093,428,34,14,6,6,1
10108,429,3,24,4,4,1
10109,429,34,15,5,5,1
10124,430,3,25,4,4,1
10125,430,34,15,5,5,1
10140,431,3,25,4,4,1
10141,431,34,24,5,5,1
10157,432,3,34,4,4,1
10158,432,34,26,5,5,1
10175,433,34,26,5,5,1
10192,434,34,26,5,5,1
10209,435,34,26,5,5,1
10214,436,1,9,1,1,1
10251,438,6,13,2,2,1
10281,439,6,19,2,2,1
10296,440,6,22,2,2,1
10311,441,6,24.5,2,2,1
10325,442,34,9,6,6,1
10326,442,6,26.5,2,2,1
10341,443,6,26.5,3,3,1
10348,444,3,25.5,4,4,1
10356,444,6,32.5,2,2,1
10363,445,3,25.5,5,5,1
10371,445,6,35.5,2,2,1
10378,446,3,25.5,5,5,1
10386,446,6,36.5,3,3,1
10393,447,3,25.5,6,6,1
10401,447,6,40.5,2,2,1
10408,448,3,25.5,6,6,1
10416,448,6,40.5,3,3,1
10446,449,6,46.5,2,2,1
10438,449,3,25.5,6,6,1
10453,450,3,25.5,6,6,1
10461,450,6,54.5,2,2,1
10468,451,3,25.5,6,6,1
10476,451,6,57.5,2,2,1
10482,452,34,9,1,1,1
10497,453,34,9,2,2,1
10498,453,1,19,1,1,1
10512,454,34,15,2,2,1
10513,454,1,19,1,1,1
10517,454,4,13,3,3,1
10527,455,34,15,4,4,1
10528,455,1,21,2,2,1
10530,455,6,22,1,1,1
10532,455,4,19,3,3,1
10542,456,34,21,3,3,1
10543,456,1,21,4,4,1
10544,456,3,21,5,5,1
10545,456,6,25,1,1,1
10547,456,4,23,2,2,1
10557,457,34,24,3,3,1
10558,457,1,21,5,5,1
10559,457,3,24,4,4,1
10560,457,6,31,2,2,1
10572,458,34,27,4,4,1
10573,458,1,25,5,5,1
10574,458,3,32,2,2,1
10575,458,6,31,3,3,1
10579,458,25,11,6,6,1
10587,459,34,27,4,4,1
10588,459,1,26,5,5,1
10589,459,3,35,3,3,1
10594,459,25,11,6,6,1
10602,460,34,33,4,4,1
10603,460,1,27,5,5,1
10604,460,3,35,3,3,1
10609,460,25,11,6,6,1
10618,461,34,37,3,3,1
10619,461,1,29,5,5,1
10620,461,3,36,4,4,1
10625,461,25,11,6,6,1
10634,462,34,41,3,3,1
10635,462,1,30,5,5,1
10636,462,3,36,4,4,1
10641,462,25,11,6,6,1
10650,463,34,41,3,3,1
10651,463,1,34,5,5,1
10652,463,3,36,4,4,1
10657,463,25,12,6,6,1
10667,464,1,34,5,5,1
10668,464,3,36,4,4,1
10673,464,25,12,6,6,1
10705,465,25,12,6,6,1
10699,465,1,34,5,5,1
10700,465,3,36,4,4,1
10715,466,1,34,5,5,1
10716,466,3,38,4,4,1
10721,466,25,12,7,7,1
10730,467,4,13,1,1,1
10766,469,1,20,2,2,1
10783,470,1,20,2,2,1
10791,470,6,16,3,3,1
10808,471,6,16,4,4,1
10825,472,6,22,3,3,1
10828,472,34,15,5,5,1
10842,473,6,26,2,2,1
10845,473,34,15,5,5,1
10859,474,6,26,3,3,1
10938,479,32,29,6,6,1
10952,480,3,55,3,3,1
10955,480,32,30,6,6,1
10969,481,3,55,4,4,1
10972,481,32,30,6,6,1
11036,483,3,15,1,1,1
11023,482,32,30,6,6,1
11022,482,25,25,7,7,1
11020,482,3,58,4,4,1
11069,485,34,13,2,2,1
11126,488,6,17,3,3,1
11158,490,4,18,4,4,1
11175,491,4,18,6,6,1
11183,491,1,20,5,5,1
11217,492,1,21,6,6,1
11209,492,4,24,5,5,1
11226,493,4,30,4,4,1
11229,493,27,34,3,3,1
11234,493,1,22,6,6,1
11246,494,27,34,4,4,1
11251,494,1,22,6,6,1
11263,495,27,34,4,4,1
11268,495,1,22,6,6,1
11285,496,1,28,6,6,1
11302,497,1,28,6,6,1
11305,498,3,9,1,1,1
11320,499,3,13,1,1,1
11332,499,4,9,2,2,1
11335,500,3,15,2,2,1
11350,501,3,15,3,3,1
11351,501,34,18,2,2,1
11365,502,3,25,1,1,1
11366,502,34,18,4,4,1
11373,502,27,23,2,2,1
11381,503,34,22,3,3,1
11388,503,27,29,2,2,1
11396,504,34,25,3,3,1
11403,504,27,39,2,2,1
11411,505,34,31,3,3,1
11418,505,27,39,2,2,1
11426,506,34,34,3,3,1
11441,507,34,36,3,3,1
23993,512,27,12,1,1,1
24015,514,6,18,2,2,1
24153,522,4,20,6,6,1
24170,523,4,20,6,6,1
24187,524,4,20,6,6,1
24205,525,4,20,6,6,1
24224,526,4,26,6,6,1
23442,527,32,9,1,1,1
23458,528,32,12,1,1,1
23454,528,6,9,3,3,1
23471,529,6,9,4,4,1
23511,531,25,24,2,2,1
23530,532,25,25,2,2,1
23549,533,25,25,2,2,1
23569,534,34,31,2,2,1
23568,534,25,25,3,3,1
23588,535,34,34,2,2,1
23587,535,25,25,3,3,1
23607,536,34,40,2,2,1
23606,536,25,28,4,4,1
23626,537,34,40,2,2,1
23625,537,25,30,4,4,1
23645,538,34,40,2,2,1
23644,538,25,36,3,3,1
23664,539,34,44,2,2,1
23663,539,25,36,4,4,1
23682,540,25,36,4,4,1
23701,541,25,36,4,4,1
23720,542,25,38,4,4,1
23154,543,59,9,1,1,1
23166,544,59,9,2,2,1
23164,544,6,13,1,1,1
23179,545,59,15,2,2,1
23192,546,59,19,2,2,1
23188,546,32,13,3,3,1
23206,547,59,23,2,2,1
23256,550,27,9,7,7,1
23272,551,27,9,7,7,1
23289,552,1,34,3,3,1
23288,552,27,10,7,7,1
23307,553,1,34,4,4,1
23306,553,27,10,7,7,1
23325,554,1,35,4,4,1
23324,554,27,10,8,8,1
23314,554,58,13,7,7,1
23343,555,1,35,4,4,1
23342,555,27,16,6,6,1
23332,555,58,13,8,8,1
23361,556,1,38,4,4,1
23360,556,27,16,8,8,1
23380,557,27,16,8,8,1
23370,557,58,17,6,6,1
23400,558,27,16,8,8,1
23390,558,58,20,7,7,1
23420,559,27,18,8,8,1
23410,559,58,23,7,7,1
23350,556,58,17,6,6,1
22850,560,6,9,1,1,1
22900,563,1,18,2,2,1
22919,564,1,19,2,2,1
22938,565,1,21,3,3,1
22960,566,25,31,2,2,1
22957,566,1,23,3,3,1
22974,567,25,37,2,2,1
22993,568,25,43,2,2,1
23017,569,25,49,2,2,1
23041,570,67,19,4,4,1
23036,570,25,49,2,2,1
23060,571,67,19,4,4,1
23055,571,25,51,3,3,1
23079,572,67,19,5,5,1
23074,572,25,53,2,2,1
23072,572,37,17,6,6,1
23098,573,67,19,6,6,1
23093,573,25,59,3,3,1
23091,573,37,17,7,7,1
23117,574,67,20,4,4,1
23112,574,25,65,3,3,1
23110,574,37,19,7,7,1
23136,575,67,20,5,5,1
23134,575,32,29,4,4,1
23131,575,25,71,3,3,1
23129,575,37,19,7,7,1
22461,576,1,9,1,1,1
22475,577,1,15,1,1,1
22473,577,34,13,2,2,1
22490,578,1,16,2,2,1
22488,578,34,19,1,1,1
22486,578,25,11,3,3,1
22504,579,34,21,1,1,1
22502,579,25,11,3,3,1
22521,580,34,25,2,2,1
22520,580,6,17,3,3,1
22519,580,25,13,4,4,1
22538,581,34,29,1,1,1
22536,581,25,19,4,4,1
22706,582,34,33,2,2,1
22704,582,25,19,4,4,1
22723,583,34,36,2,2,1
22721,583,25,19,4,4,1
22742,584,64,22,4,4,1
22739,584,25,20,5,5,1
22760,585,64,25,4,4,1
22757,585,25,24,5,5,1
22779,586,64,25,4,4,1
22776,586,25,24,5,5,1
22798,587,64,28,4,4,1
22795,587,25,24,5,5,1
22818,588,64,30,4,4,1
22815,588,25,24,5,5,1
22838,589,64,33,4,4,1
22835,589,25,25,5,5,1
22218,590,1,9,1,1,1
22236,592,34,9,3,3,1
22251,593,6,21,2,2,1
22248,593,34,9,3,3,1
22265,594,6,27,2,2,1
22262,594,34,9,5,5,1
22284,595,32,13,4,4,1
22281,595,6,30,2,2,1
22278,595,34,10,5,5,1
22300,596,32,13,4,4,1
22297,596,6,30,2,2,1
22295,596,25,25,3,3,1
22294,596,34,10,5,5,1
22316,597,32,13,4,4,1
22311,597,25,27,3,3,1
22310,597,34,10,5,5,1
22327,598,25,30,3,3,1
22326,598,34,10,5,5,1
22342,599,34,11,5,5,1
22360,600,34,15,5,5,1
22037,605,32,9,1,1,1
22045,607,25,21,2,2,1
22055,608,25,27,2,2,1
22085,611,1,26,3,3,1
21901,620,25,9,1,1,1
21911,621,25,9,2,2,1
21920,622,25,9,4,4,1
21929,623,25,12,4,4,1
21922,623,66,9,5,5,1
21948,624,25,18,4,4,1
21956,625,1,23,3,3,1
21951,625,66,9,5,5,1
21966,626,1,27,3,3,1
21961,626,66,9,5,5,1
21977,627,1,29,4,4,1
21976,627,6,29,3,3,1
21972,627,66,12,5,5,1
21988,628,1,35,2,2,1
21987,628,6,29,4,4,1
21983,628,66,13,5,5,1
22000,629,1,39,2,2,1
21999,629,6,29,4,4,1
21995,629,66,14,6,6,1
22012,630,1,45,2,2,1
22011,630,6,31,4,4,1
22007,630,66,14,6,6,1
22024,631,1,47,3,3,1
22023,631,6,33,4,4,1
22019,631,66,14,7,7,1
21678,632,6,9,1,1,1
21688,633,6,15,1,1,1
21687,633,25,15,2,2,1
21698,634,6,19,2,2,1
21543,643,34,9,1,1,1
21550,644,34,9,3,3,1
21549,644,37,13,1,1,1
21559,645,34,15,1,1,1
21568,646,34,17,2,2,1
21567,646,37,19,1,1,1
21577,647,34,17,3,3,1
21587,648,34,21,3,3,1
21597,649,34,27,3,3,1
21596,649,37,33,2,2,1
21608,650,34,29,3,3,1
13927,17,6,70,4,4,1
21619,651,34,33,3,3,1
21630,652,34,35,3,3,1
21629,652,37,39,2,2,1
21641,653,34,35,4,4,1
21653,654,34,35,4,4,1
21665,655,34,35,4,4,1
21301,656,196,9,1,1,1
21316,658,180,15,2,2,1
21324,659,180,21,2,2,1
21332,660,180,22,2,2,1
21340,661,180,25,2,2,1
21348,662,180,28,2,2,1
21357,663,180,34,2,2,1
21382,666,187,38,4,4,1
20922,667,180,9,1,1,1
20981,671,187,17,2,2,1
20975,671,196,15,4,4,1
20996,672,187,19,2,2,1
20992,672,6,19,3,3,1
20990,672,196,19,4,4,1
21007,673,196,20,4,4,1
21005,673,6,25,2,2,1
21026,674,187,22,4,4,1
21022,674,6,28,3,3,1
21037,675,6,32,3,3,1
21056,676,6,32,4,4,1
21071,677,6,32,4,4,1
21088,678,6,32,4,4,1
20735,679,167,9,1,1,1
20748,680,167,11,2,2,1
20745,680,191,12,1,1,1
20761,681,191,18,1,1,1
20758,681,167,11,2,2,1
20776,682,191,18,1,1,1
20773,682,167,14,2,2,1
20792,683,167,17,2,2,1
20807,684,167,19,3,3,1
20819,685,167,21,2,2,1
20849,686,190,13,5,5,1
20842,686,167,21,3,3,1
20868,687,190,13,7,7,1
20861,687,167,24,3,3,1
20859,687,11,17,5,5,1
20887,688,190,13,7,7,1
20880,688,167,27,3,3,1
20878,688,11,17,5,5,1
20907,689,190,13,7,7,1
20900,689,167,28,3,3,1
20898,689,11,20,4,4,1
20628,690,66,9,1,1,1
20639,691,6,15,1,1,1
20650,692,6,21,1,1,1
20645,692,66,9,3,3,1
20663,693,6,21,2,2,1
20674,694,6,22,2,2,1
20687,695,6,23,2,2,1
20729,698,167,30,3,3,1
20359,699,172,9,1,1,1
20372,700,66,13,1,1,1
20388,701,66,19,1,1,1
20404,702,66,25,2,2,1
20420,703,66,31,2,2,1
20436,704,66,37,2,2,1
20452,705,66,39,2,2,1
20071,709,66,9,1,1,1
20081,710,172,13,1,1,1
20080,710,66,12,2,2,1
20088,711,66,15,2,2,1
20098,712,66,21,2,2,1
20108,713,66,27,2,2,1
20119,714,66,33,2,2,1
20143,716,66,36,2,2,1
19834,722,66,14,3,3,1
19859,724,66,22,2,2,1
19857,724,6,22,3,3,1
19873,725,66,28,2,2,1
19520,730,170,11,1,1,1
19527,731,172,15,2,2,1
19810,720,66,12,1,1,1
19550,733,95,12,6,6,1
19561,734,170,23,3,3,1
19791,719,66,9,1,1,1
19327,738,172,9,1,1,1
19538,732,170,17,2,2,1
19539,732,95,12,5,5,1
19546,733,66,23,2,2,1
19536,732,172,15,3,3,1
19535,732,66,20,1,1,1
19529,731,170,11,4,4,1
19526,731,66,16,1,1,1
19510,729,66,9,1,1,1
19517,730,66,10,2,2,1
19549,733,170,21,3,3,1
18865,759,66,8,3,3,1
19906,727,6,24,3,3,1
19888,726,6,24,3,3,1
19871,725,6,22,3,3,1
19126,755,6,26,3,3,1
19114,754,32,28,2,2,1
19112,754,6,26,3,3,1
19103,753,32,28,2,2,1
19091,752,32,25,2,2,1
19078,751,32,19,2,2,1
19057,749,32,15,2,2,1
19048,748,32,9,3,3,1
19047,748,170,14,1,1,1
19037,747,170,14,1,1,1
19026,746,170,8,1,1,1
19592,736,170,27,3,3,1
18857,758,66,8,2,2,1
18854,758,170,14,1,1,1
18840,756,170,8,1,1,1
18847,757,170,8,1,1,1
18863,759,6,16,2,2,1
18862,759,170,18,1,1,1
18873,760,66,14,3,3,1
18871,760,6,16,2,2,1
18885,761,66,16,3,3,1
19609,737,170,29,3,3,1
19608,737,95,18,5,5,1
19351,742,172,17,2,2,1
19591,736,95,18,5,5,1
19342,741,172,17,2,2,1
17784,768,118,8,3,3,1
17775,767,118,8,3,3,1
17759,765,87,8,1,1,1
17798,770,6,28,1,1,1
19575,735,170,25,3,3,1
19562,734,95,16,5,5,1
19574,735,95,17,6,6,1
19335,740,172,13,2,2,1
19038,747,32,9,3,3,1
19068,750,32,17,2,2,1
22120,612,1,26,3,3,1
21918,622,1,17,1,1,1
21909,621,1,15,1,1,1
21946,624,1,23,2,2,1
21941,624,66,9,5,5,1
21921,623,32,19,2,2,1
21927,623,1,19,1,1,1
21912,622,32,15,2,2,1
21755,639,66,21,3,3,1
21664,655,37,48,3,3,1
21661,655,66,23,6,6,1
21652,654,37,45,3,3,1
21649,654,66,22,6,6,1
21640,653,37,43,3,3,1
21637,653,66,16,7,7,1
21626,652,66,13,7,7,1
21618,651,37,33,2,2,1
21615,651,66,13,7,7,1
21614,651,6,25,5,5,1
21607,650,37,33,2,2,1
21604,650,66,10,7,7,1
21593,649,66,10,6,6,1
21586,648,37,31,2,2,1
21583,648,66,10,6,6,1
21576,647,37,25,1,1,1
21573,647,66,10,6,6,1
21565,646,32,14,4,4,1
21564,646,66,10,6,6,1
21558,645,37,13,4,4,1
21556,645,32,14,3,3,1
21350,663,182,30,3,3,1
21366,664,180,38,3,3,1
21341,662,182,28,3,3,1
21016,673,187,22,3,3,1
20971,670,187,17,2,2,1
20831,685,190,9,6,6,1
20814,684,190,9,6,6,1
20799,683,190,9,6,6,1
20798,683,180,10,5,5,1
20787,682,180,10,4,4,1
20785,682,190,9,5,5,1
20772,681,180,9,3,3,1
20725,698,66,22,4,4,1
20721,698,176,13,5,5,1
20710,697,66,22,4,4,1
20706,697,176,13,5,5,1
20695,696,66,22,3,3,1
20682,695,66,22,3,3,1
20669,694,66,19,3,3,1
20656,693,66,13,3,3,1
20640,692,191,12,2,2,1
20634,691,66,9,2,2,1
20488,708,11,11,6,6,1
20367,700,172,9,3,3,1
20154,717,183,21,4,4,1
20138,716,183,21,4,4,1
20131,715,66,36,1,1,1
20126,715,183,21,4,4,1
20114,714,183,17,4,4,1
20113,714,6,19,3,3,1
20103,713,183,17,3,3,1
20093,712,183,14,3,3,1
19925,728,6,26,4,4,1
19846,723,66,18,2,2,1
19822,721,66,14,2,2,1
19807,720,172,10,2,2,1
19329,739,6,15,1,1,1
19328,739,172,13,2,2,1
18921,764,66,18,3,3,1
18909,763,66,18,3,3,1
18897,762,66,18,3,3,1
22724,583,64,16,5,5,1
22741,584,34,36,2,2,1
22759,585,34,42,2,2,1
22792,587,37,7.5,7,7,1
22812,588,37,7.5,7,7,1
22832,589,37,7.5,8,8,1
24092,519,4,13,6,6,1
24114,520,3,23,4,4,1
24109,520,4,19,6,6,1
24126,521,4,19,6,6,1
24232,337,6,43,1,1,1
24244,338,6,70,1,1,1
24245,338,1,54,2,2,1
24256,339,6,76,1,1,1
24257,339,1,66,2,2,1
24258,339,9,61,3,3,1
24268,340,6,90,2,2,1
24270,340,9,73,3,3,1
24280,341,6,116,2,2,1
24316,343,6,146,3,3,1
24304,342,6,136,2,2,1
24328,344,6,161,3,3,1
24340,345,6,165,3,3,1
24352,346,6,165,3,3,1
24660,841,9,35,1,1,1
24553,843,1,85,2,2,1
24565,844,1,105,2,2,1
24577,845,1,138,2,2,1
24589,846,1,161,2,2,1
24627,849,6,164,3,3,1
24639,850,6,192,3,3,1
24651,851,6,215,3,3,1
24673,852,6,231,3,3,1
24685,853,6,254,3,3,1
24697,854,6,268,3,3,1
24709,855,6,292,3,3,1
24721,856,6,310,3,3,1
24733,857,6,325,3,3,1
24745,858,6,353,3,3,1
24757,859,6,375,3,3,1
24932,860,1,40,1,1,1
24777,861,1,55,1,1,1
24779,861,6,35,3,3,1
24789,862,1,88,1,1,1
24791,862,6,37,3,3,1
24796,862,131,26,5,5,1
24844,864,3,43,6,6,1
24843,864,131,43,5,5,1
24838,864,6,63,4,4,1
24837,864,9,109,1,1,1
24836,864,1,98,2,2,1
24824,863,1,92,2,2,1
24825,863,9,101,1,1,1
24826,863,6,45,4,4,1
24831,863,131,37,5,5,1
24848,865,1,108,2,2,1
24850,865,6,86,3,3,1
24855,865,131,61,5,5,1
24856,865,3,44,6,6,1
24862,866,6,97,4,4,1
24867,866,131,69,5,5,1
24868,866,3,44,7,7,1
24879,867,131,92,5,5,1
24880,867,3,45,7,7,1
24891,868,131,98,5,5,1
24892,868,3,47,7,7,1
24974,869,131,105,5,5,1
24975,869,3,47,7,7,1
24986,870,131,106,5,5,1
24987,870,3,53,7,7,1
24998,871,131,112,5,5,1
24999,871,3,53,8,8,1
25010,872,131,126,5,5,1
25011,872,3,54,8,8,1
25047,873,3,54,8,8,1
25046,873,131,136,5,5,1
25059,874,3,58,8,8,1
25058,874,131,136,5,5,1
25070,875,131,136,5,5,1
25071,875,3,58,8,8,1
25095,876,3,59,8,8,1
25094,876,131,136,5,5,1
25103,877,208,288,4,4,1
25106,877,131,136,5,5,1
25107,877,3,73,8,8,1
25115,878,208,302,4,4,1
25118,878,131,136,5,5,1
25119,878,3,76,8,8,1
25127,879,208,303,4,4,1
25130,879,131,142,5,5,1
25131,879,3,76,8,8,1
25135,880,208,26,2,2,1
25146,881,208,40,2,2,1
25148,881,9,66,1,1,1
25157,882,208,60,3,3,1
25158,882,6,73,2,2,1
25159,882,9,78,1,1,1
25168,883,208,93,2,2,1
25169,883,6,77,3,3,1
25179,884,208,111,3,3,1
25190,885,208,112,3,3,1
25193,885,131,109,4,4,1
25201,886,208,114,4,4,1
25204,886,131,134,3,3,1
25212,887,208,124,4,4,1
25223,888,208,157,4,4,1
25234,890,208,183,4,4,1
25245,891,208,187,4,4,1
25278,893,208,206,4,4,1
25267,892,208,191,4,4,1
25289,894,208,239,4,4,1
25300,895,208,264,4,4,1
25311,896,208,285,4,4,1
25322,897,208,297,4,4,1
25333,898,208,315,4,4,1
25344,899,208,315,4,4,1
25733,36,6,13,1,1,1
25931,900,131,25,2,2,1
26007,906,9,139,2,2,1
26018,907,9,143,2,2,1
26029,908,9,168,2,2,1
26040,909,9,188,2,2,1
26733,969,6,37,1,1,1
26140,926,131,43,1,1,1
26149,927,131,76,1,1,1
26150,927,6,52,2,2,1
26160,928,6,79,2,2,1
26170,929,6,107,2,2,1
26180,930,6,132,2,2,1
26190,931,6,158,2,2,1
26200,932,6,180,2,2,1
26210,933,6,192,2,2,1
26220,934,6,211,2,2,1
26557,948,131,43,1,1,1
26482,952,9,94,3,3,1
26493,953,9,112,3,3,1
26504,954,9,130,3,3,1
26526,955,9,140,3,3,1
26537,956,9,168,3,3,1
26548,957,9,198,3,3,1
26570,958,9,223,3,3,1
26581,959,9,256,2,2,1
26592,960,9,274,2,2,1
26603,961,9,290,2,2,1
26614,962,9,316,2,2,1
26743,970,6,65,2,2,1
26744,970,131,66,1,1,1
26754,971,131,99,2,2,1
26805,976,9,137,3,3,1
26815,977,9,152,3,3,1
26825,978,9,174,3,3,1
26835,979,9,184,3,3,1
26845,980,9,199,3,3,1
26855,981,9,212,3,3,1
26865,982,9,230,3,3,1
26933,989,6,40,1,1,1
26965,991,9,55,3,3,1
26984,992,131,110,2,2,1
26985,992,9,55,3,3,1
26995,993,9,80,3,3,1
27193,1010,131,44,1,1,1
27304,1018,9,169,3,3,1
27314,1019,9,191,3,3,1
27355,1022,6,326,2,2,1
27573,1031,131,37,1,1,1
27531,1035,9,113,2,2,1
27541,1036,9,135,2,2,1
27551,1037,9,158,2,2,1
27557,1038,213,47,7,7,1
27561,1038,9,158,2,2,1
27567,1039,213,53,7,7,1
27571,1039,9,173,2,2,1
27587,1040,213,59,7,7,1
27591,1040,9,192,2,2,1
27597,1041,213,67,7,7,1
27601,1041,9,211,2,2,1
27607,1042,213,77,7,7,1
27611,1042,9,226,2,2,1
27617,1043,213,89,7,7,1
27621,1043,9,226,2,2,1
27627,1044,213,89,7,7,1
27631,1044,9,240,2,2,1
27637,1045,213,97,7,7,1
27641,1045,9,274,2,2,1
27646,1046,211,194,3,3,1
27647,1046,213,103,7,7,1
27651,1046,9,282,2,2,1
27656,1047,211,195,4,4,1
27657,1047,213,107,7,7,1
27673,1052,131,41,1,1,1
27704,1053,9,53,2,2,1
27703,1053,131,60,1,1,1
27714,1054,9,83,2,2,1
27724,1055,9,112,2,2,1
27820,1062,214,77,5,5,1
27830,1063,214,80,5,5,1
27840,1064,214,90,5,5,1
